心理学(F4_2)履修者,,,,,第1回,第2回,第3回,第4回,第5回,第6回,第7回,第8回,第9回,第10回,第11回,第12回,第13回,第14回,第15回
学籍番号,名前,ふりがな,性別,IDm,10/4,10/11,10/18,11/1,11/8,11/15,11/22,11/29,12/6,12/13,12/20,1/10,1/17,1/24,1/31
S001,相道森,あいどうしん,男,012E44A7A5187429,,,,,,,,,,,,,,,
S003,浅井礼子,あさいれいこ,女,012E44A7A5152B9F,,,,,,,,,,,,,,,
S008,石長佐久子,いしながさくこ,女,012E44A7A5154DAF,,,,,,,,,,,,,,,
S009,泉川弘仁,いずかわひろひと,男,012E44A7A51549A3,,,,,,,,,,,,,,,
S011,市之瀬龍治,いちのせりゅうじ,男,012E44A7A5156DA9,,,,,,,,,,,,,,,
S017,恵島康道,えじまやすみち,男,012E44A7A515B97D,,,,,,,,,,,,,,,
S019,江積幸廣,えづみゆきひろ,男,012E44A7A51581AB,,,,,,,,,,,,,,,
S021,太田島映実,おおたじまえみ,女,012E44A7A5159A7E,,,,,,,,,,,,,,,
S027,小桐純孝,おぎりすみたか,男,012E44A7A5188A23,,,,,,,,,,,,,,,
S028,奥名浩佑,おくなこうすけ,男,012E44A7A5152D87,,,,,,,,,,,,,,,
S029,折原はな,おりはらはな,女,012E44A7A5185F5A,,,,,,,,,,,,,,,
S032,茅根信道,かやねのぶみち,男,012E44A7A5189699,,,,,,,,,,,,,,,
S037,清冨芳博,きよとみよしひろ,男,012E44A7A515B76D,,,,,,,,,,,,,,,
S038,木和田英記,きわだひでき,男,012E44A7A515B86F,,,,,,,,,,,,,,,
S044,小橋川睦夫,こばしかわむつお,男,012E44A7A512663E,,,,,,,,,,,,,,,
S045,古明地宏人,こめいじひろと,男,012E44A7A5124687,,,,,,,,,,,,,,,
S048,澤元詠一,さわもとえいいち,男,012E44A7A518581E,,,,,,,,,,,,,,,
S049,下川香,しもかわかおる,女,012E44A7A5186DA7,,,,,,,,,,,,,,,
S052,末満泰治,すえみつたいじ,男,012E44A7A511AE80,,,,,,,,,,,,,,,
S056,田盛毅彦,たもりたけひこ,男,012E44A7A5111D86,,,,,,,,,,,,,,,
S057,田屋洋志,たやひろし,男,012E44A7A5127B45,,,,,,,,,,,,,,,
S058,太矢浩将,たやひろまさ,男,012E44A7A5127497,,,,,,,,,,,,,,,
S062,東山勇人,とうやまゆうと,男,012E44A7A5158A31,,,,,,,,,,,,,,,
S063,得永希予,とくながきよ,女,012E44A7A5113FB6,,,,,,,,,,,,,,,
S071,西垣内利秀,にしごうちとしひで,男,012E44A7A5129B45,,,,,,,,,,,,,,,
S073,登祐平,のぼるゆうへい,男,012E44A7A511AC3F,,,,,,,,,,,,,,,
S078,初山孝徳,はつやまたかのり,男,012E44A7A5159E8F,,,,,,,,,,,,,,,
S079,波頭直司,はとうなおし,男,012E44A7A518269E,,,,,,,,,,,,,,,
S080,花本圭祐,はなもとけいすけ,男,012E44A7A5184C7F,,,,,,,,,,,,,,,
S081,菱泰章,ひしやすあき,男,012E44A7A5185260,,,,,,,,,,,,,,,
S085,広文哉,ひろふみや,男,012E44A7A51875B5,,,,,,,,,,,,,,,
S087,村濱準二,むらはまじゅんじ,男,012E44A7A518296D,,,,,,,,,,,,,,,
S088,矢形具美,やかたともみ,女,012E44A7A51869B3,,,,,,,,,,,,,,,
S092,行田博彦,ゆきたひろひこ,男,012E44A7A51586AF,,,,,,,,,,,,,,,
S094,弓座義政,ゆみざよしまさ,男,012E44A7A515207D,,,,,,,,,,,,,,,
S095,吉中龍之介,よしなかりゅうのすけ,男,012E44A7A5151E70,,,,,,,,,,,,,,,
S097,吉広清悟,よしひろせいご,男,012E44A7A5125552,,,,,,,,,,,,,,,
S098,吉光幸太,よしみつこうた,男,012E44A7A518BB99,,,,,,,,,,,,,,,
S100,渡利雄祐,わたりゆうすけ,男,012E44A7A5112853,,,,,,,,,,,,,,,