数学演習(T5)履修者,,,,,第1回,第2回,第3回,第4回,第5回,第6回,第7回,第8回,第9回,第10回,第11回,第12回,第13回,第14回,第15回
学籍番号,名前,ふりがな,性別,IDm,10/1,10/8,10/15,10/29,11/5,11/12,11/19,11/26,12/3,12/10,12/17,1/7,1/14,1/21,1/28
S002,揚村巴絵,あげむらともえ,女,012E44A7A518527D,,,,,,,,,,,,,,,
S003,浅井礼子,あさいれいこ,女,012E44A7A5152B9F,,,,,,,,,,,,,,,
S004,荒松晴一,あらまつせいいち,男,012E44A7A518807A,,,,,,,,,,,,,,,
S007,池澄晃樹,いけずみこうき,男,012E44A7A5158B31,,,,,,,,,,,,,,,
S009,泉川弘仁,いずかわひろひと,男,012E44A7A51549A3,,,,,,,,,,,,,,,
S011,市之瀬龍治,いちのせりゅうじ,男,012E44A7A5156DA9,,,,,,,,,,,,,,,
S014,入澤結香,いりさわゆいか,女,012E44A7A5156A5A,,,,,,,,,,,,,,,
S017,恵島康道,えじまやすみち,男,012E44A7A515B97D,,,,,,,,,,,,,,,
S019,江積幸廣,えづみゆきひろ,男,012E44A7A51581AB,,,,,,,,,,,,,,,
S020,太内信章,おおうちのぶあき,男,012E44A7A5153B80,,,,,,,,,,,,,,,
S022,大舘俊幸,おおだてとしゆき,男,012E44A7A5123042,,,,,,,,,,,,,,,
S026,小笠公平,おがさこうへい,男,012E44A7A5181C82,,,,,,,,,,,,,,,
S027,小桐純孝,おぎりすみたか,男,012E44A7A5188A23,,,,,,,,,,,,,,,
S030,風洋司,かぜようじ,男,012E44A7A518A873,,,,,,,,,,,,,,,
S031,株竹智信,かぶたけとものぶ,男,012E44A7A5188F3F,,,,,,,,,,,,,,,
S033,木口屋一輝,きぐちやかずき,男,012E44A7A5183188,,,,,,,,,,,,,,,
S034,城崎成寿,きざきなりひさ,男,012E44A7A518712C,,,,,,,,,,,,,,,
S035,貴下紗侑里,きしたさゆり,女,012E44A7A5187159,,,,,,,,,,,,,,,
S039,久木原光貴,くきはらこうき,男,012E44A7A5129197,,,,,,,,,,,,,,,
S041,久保西敏憲,くぼにしとしのり,男,012E44A7A515317D,,,,,,,,,,,,,,,
S045,古明地宏人,こめいじひろと,男,012E44A7A5124687,,,,,,,,,,,,,,,
S046,作花譲,さくかじょう,男,012E44A7A51538A8,,,,,,,,,,,,,,,
S049,下川香,しもかわかおる,女,012E44A7A5186DA7,,,,,,,,,,,,,,,
S050,下河内公成,しもこうちきみなり,男,012E44A7A51596B6,,,,,,,,,,,,,,,
S058,太矢浩将,たやひろまさ,男,012E44A7A5127497,,,,,,,,,,,,,,,
S061,東矢千裕,とうやちひろ,男,012E44A7A512963F,,,,,,,,,,,,,,,
S064,徳益榮,とくますさかえ,男,012E44A7A5154E78,,,,,,,,,,,,,,,
S066,友藤竜治,ともふじりゅうじ,男,012E44A7A5188758,,,,,,,,,,,,,,,
S070,中松光一,なかまつこういち,男,012E44A7A515305C,,,,,,,,,,,,,,,
S071,西垣内利秀,にしごうちとしひで,男,012E44A7A5129B45,,,,,,,,,,,,,,,
S078,初山孝徳,はつやまたかのり,男,012E44A7A5159E8F,,,,,,,,,,,,,,,
S080,花本圭祐,はなもとけいすけ,男,012E44A7A5184C7F,,,,,,,,,,,,,,,
S082,日髙貴幸,ひだかたかゆき,男,012E44A7A518C560,,,,,,,,,,,,,,,
S083,樋爪顕治,ひづめけんじ,男,012E44A7A5182058,,,,,,,,,,,,,,,
S085,広文哉,ひろふみや,男,012E44A7A51875B5,,,,,,,,,,,,,,,
S087,村濱準二,むらはまじゅんじ,男,012E44A7A518296D,,,,,,,,,,,,,,,
S093,柞木道典,ゆすのきみちのり,男,012E44A7A5157F5B,,,,,,,,,,,,,,,
S094,弓座義政,ゆみざよしまさ,男,012E44A7A515207D,,,,,,,,,,,,,,,
S095,吉中龍之介,よしなかりゅうのすけ,男,012E44A7A5151E70,,,,,,,,,,,,,,,
S096,吉馴典和,よしなれのりかず,男,012E44A7A518A8B0,,,,,,,,,,,,,,,
S100,渡利雄祐,わたりゆうすけ,男,012E44A7A5112853,,,,,,,,,,,,,,,